<code_scheme name="Default" version="173">
  <PostgresCodeStyleSettings version="2">
    <option name="KEYWORD_CASE" value="0" />
    <option name="IDENTIFIER_CASE" value="1" />
    <option name="QUOTED_IDENTIFIER_CASE" value="0" />
    <option name="QUOTE_IDENTIFIER" value="1" />
    <option name="QUERY_SECTION_1ST_WORD_ALIGN" value="2" />
    <option name="INSERT_INTO_NL" value="1" />
    <option name="INSERT_VALUES_EL_LINE" value="101" />
    <option name="INSERT_EL_WRAP" value="0" />
    <option name="SET_EL_LINE" value="101" />
    <option name="WITH_EL_LINE" value="1" />
    <option name="WITH_EL_WRAP" value="2" />
    <option name="SELECT_EL_WRAP" value="0" />
    <option name="FROM_ALIGN_JOIN_TABLES" value="true" />
    <option name="FROM_ALIGN_ALIASES" value="true" />
    <option name="CONSTRAINT_WRAP_1" value="false" />
    <option name="VIEW_WRAP_AS" value="true" />
    <option name="ROUTINE_AS_WRAP" value="true" />
    <option name="IMP_COMMON_WRAP_EVERY_STATEMENT" value="true" />
    <option name="IMP_DECLARE_EL_WRAP" value="1" />
    <option name="IMP_IF_THEN_WRAP_THEN" value="true" />
    <option name="IMP_IF_THEN_INDENT_THEN_ELSE" value="true" />
    <option name="EXPR_CASE_THEN_ALIGN" value="true" />
    <option name="EXPR_CASE_COLLAPSE" value="false" />
  </PostgresCodeStyleSettings>
  <codeStyleSettings language="PostgreSQL">
    <option name="KEEP_LINE_BREAKS" value="false" />
    <option name="KEEP_FIRST_COLUMN_COMMENT" value="false" />
  </codeStyleSettings>
</code_scheme>